{"initial_reset_timestamp": 1692578094.8419194, "timestamps": [1692578102.0337234, 1692578103.4489157, 1692578104.3212142, 1692578105.5502138, 1692578106.1066675, 1692578106.8218315, 1692578107.599829, 1692578108.4451542, 1692578109.996345, 1692578110.8384016, 1692578111.4588435, 1692578112.00284, 1692578112.8573077, 1692578113.4425552, 1692578114.273223, 1692578114.9982252, 1692578115.679247, 1692578116.308273, 1692578117.0154166, 1692578117.753418, 1692578118.8087447, 1692578119.5446067, 1692578120.3968458, 1692578121.131114, 1692578122.2351735, 1692578123.3576791, 1692578124.15068, 1692578126.4749386, 1692578127.1063817, 1692578127.6553814, 1692578128.6903806, 1692578129.394874, 1692578130.233062, 1692578130.992063, 1692578131.7270627, 1692578132.701072, 1692578133.3700714, 1692578134.3560781, 1692578135.208623, 1692578136.2189524, 1692578136.814018, 1692578137.7325492, 1692578138.5102158, 1692578139.3752155, 1692578139.936191, 1692578140.81929, 1692578141.3762112, 1692578142.2956429, 1692578143.2644255, 1692578144.1911988, 1692578144.7624285, 1692578145.2803664, 1692578146.0547729, 1692578146.9399204, 1692578148.083214, 1692578148.6132152, 1692578149.3585112, 1692578150.3585103, 1692578151.0915112, 1692578151.7155116, 1692578152.3906302, 1692578153.3461282, 1692578154.6941288, 1692578155.260292, 1692578157.914124, 1692578158.5261335, 1692578159.5291338, 1692578160.4761345, 1692578161.7853756, 1692578162.788971, 1692578163.9253047, 1692578164.372305, 1692578165.00537, 1692578165.8523695, 1692578166.53594, 1692578167.0369468, 1692578168.0175872, 1692578168.6927347, 1692578169.2846763, 1692578170.2663126, 1692578170.8223596, 1692578171.9157696, 1692578172.7361445, 1692578173.5683799, 1692578174.135439, 1692578175.1226435, 1692578175.9545841, 1692578176.564844, 1692578177.1775632, 1692578177.8974056, 1692578178.5947495, 1692578179.870649, 1692578180.6276586, 1692578181.41466, 1692578182.1152332, 1692578182.7243228, 1692578183.7990124, 1692578184.5723321, 1692578185.4045506, 1692578186.1281352, 1692578187.0214856, 1692578187.3004813, 1692578187.5877326, 1692578187.8958116, 1692578188.4913294, 1692578188.7083294, 1692578189.0723329, 1692578189.4143324, 1692578189.6464586, 1692578189.8764575], "episode_lengths": [92, 61, 115, 148, 68, 84, 93, 102, 62, 90, 77, 66, 97, 71, 103, 90, 85, 78, 88, 90, 127, 90, 104, 88, 133, 137, 95, 94, 67, 66, 126, 84, 101, 93, 90, 118, 82, 121, 104, 125, 72, 111, 102, 103, 72, 120, 73, 105, 105, 100, 68, 64, 87, 119, 139, 69, 100, 80, 75, 66, 83, 91, 132, 68, 96, 61, 78, 90, 121, 99, 120, 58, 89, 93, 78, 65, 119, 80, 74, 125, 70, 123, 99, 100, 67, 120, 111, 83, 77, 84, 78, 147, 79, 102, 89, 85, 145, 101, 107, 92, 231, 100, 93, 110, 203, 80, 127, 121, 83, 84], "episode_rewards": [-304.968637154735, -94.90021704412861, -226.97166894352068, -66.98468125188886, -101.44568416087934, -307.85405613482845, -108.65528832754475, -117.4279987992328, -187.35521886572567, -247.27430244100827, -242.12074359603952, -53.442484016650916, -34.345460131311555, -225.3382748990802, -236.5037707338749, -189.4527253453963, -105.39372210219288, -112.41273847419541, -308.2787626249432, -329.687917611667, -235.8860463417576, -317.3333562351162, -373.2251256882742, -400.25608170974357, -178.393506491981, -113.3496164800987, -128.98695204746713, -96.14964555378356, -110.41897506356463, -50.897480507366296, -9.833303455604963, -367.9565530070182, -113.99962237205388, -299.2971939023456, -95.41542585547631, -283.314006278519, -129.8625559446384, -426.79919703023177, -328.01849642696277, -207.26867464329126, -313.08855720344314, -211.10284878849205, 0.6441961441182258, -350.18356414695774, -189.58182998986058, -323.80241809421904, -83.72029391840157, -134.96014298543466, -120.50729836238314, -92.72672325895404, -90.95533162216958, -111.04640766081307, -110.69116619228546, -249.55285035568966, -72.89124272632577, -72.6503224532653, -168.81246664169674, -112.18518794470857, -68.06439877780073, -156.9525363333182, -217.407259600993, -112.25434083707714, -15.781472496441765, -98.39533858486392, -96.2671434961527, -89.23021556331156, -119.01307224632876, -104.77804479399711, -86.12103169529067, -148.56996508527047, -207.5240726482391, -64.62475269680004, -128.48014202149005, -114.5357764546733, -203.70401149582165, -79.05826091457146, -143.37009007612636, -126.22482694272219, -269.0288590112293, -102.9373502645138, -369.87381048161825, -52.211582876594186, -191.86725911373378, -233.16174110867695, -159.51611572123772, -254.22918458548313, -91.78957373517902, -349.4162875684836, -150.46881866055472, -92.5547007642104, -156.4476346173285, -447.0744415181963, -169.39097044882317, -114.30443751615232, -394.1779185198683, -413.1934587407952, -433.54684328206713, -230.94586126747228, -235.38845884430816, -89.0218345636761, -1389.5855429311569, -555.2592679292329, -639.6352934129777, -424.55297542949654, -1425.493025990697, -672.6913804662076, -940.7558942530096, -554.8899402031615, -479.20037787389066, -313.54583950725146], "episode_types": ["t", "t", "t", "t", "t", "t", "t", "t", "t", "t", "t", "t", "t", "t", "t", "t", "t", "t", "t", "t", "t", "t", "t", "t", "t", "t", "t", "t", "t", "t", "t", "t", "t", "t", "t", "t", "t", "t", "t", "t", "t", "t", "t", "t", "t", "t", "t", "t", "t", "t", "t", "t", "t", "t", "t", "t", "t", "t", "t", "t", "t", "t", "t", "t", "t", "t", "t", "t", "t", "t", "t", "t", "t", "t", "t", "t", "t", "t", "t", "t", "t", "t", "t", "t", "t", "t", "t", "t", "t", "t", "t", "t", "t", "t", "t", "t", "t", "t", "t", "t", "t", "t", "t", "t", "t", "t", "t", "t", "t", "t"]}